bad_single,
2g1c,
4r5e,
5h1t,
5hit,
a$$,
a$$hole,
a_s_s,
a2m,
a54,
a55,
a55hole,
acrotomophilia,
aeolus,
ahole,
anal,
analprobe,
anilingus,
anus,
apeshit,
ar5e,
areola,
areole,
arian,
arrse,
arse,
arsehole,
aryan,
ass,
assbag,
assbandit,
assbang,
assbanged,
assbanger,
assbangs,
assbite,
assclown,
asscock,
asscracker,
asses,
assface,
assfaces,
assfuck,
assfucker,
ass-fucker,
assfukka,
assgoblin,
assh0le,
asshat,
ass-hat,
asshead,
assho1e,
asshole,
assholes,
asshopper,
ass-jabber,
assjacker,
asslick,
asslicker,
assmaster,
assmonkey,
assmucus,
assmunch,
assmuncher,
assnigger,
asspirate,
ass-pirate,
assshit,
assshole,
asssucker,
asswad,
asswhole,
asswipe,
asswipes,
autoerotic,
axwound,
azazel,
azz,
b!tch,
b00bs,
b17ch,
b1tch,
babeland,
ballbag,
balls,
ballsack,
bampot,
bangbros,
bareback,
barenaked,
barf,
bastard,
bastardo,
bastards,
bastinado,
bawdy,
bbw,
bdsm,
beaner,
beaners,
beardedclam,
beastial,
beastiality,
beatch,
beaver,
beeyotch,
bellend,
bender,
beotch,
bescumber,
bestial,
bestiality,
bi+ch,
biatch,
bigtits,
bimbo,
bimbos,
bint,
birdlock,
bitch,
bitchass,
bitched,
bitcher,
bitchers,
bitches,
bitchin,
bitching,
bitchtits,
bitchy,
bloodclaat,
bloody,
blowjob,
blowjobs,
blumpkin,
bod,
bodily,
boink,
boiolas,
bollock,
bollocks,
bollok,
bollox,
bondage,
boned,
boner,
boners,
bong,
boob,
boobies,
boobs,
booby,
booger,
bookie,
boong,
booobs,
boooobs,
booooobs,
booooooobs,
bootee,
bootie,
booty,
booze,
boozer,
boozy,
bosom,
bosomy,
breasts,
Breeder,
brotherfucker,
buceta,
bugger,
bukkake,
bulldyke,
bullshit,
bullshits,
bullshitted,
bullturds,
bum,
bumblefuck,
bumclat,
bummer,
buncombe,
bung,
bunghole,
busty,
butt,
buttcheeks,
buttfuck,
buttfucka,
buttfucker,
butthole,
buttmuch,
buttmunch,
butt-pirate,
buttplug,
c.0.c.k,
c.o.c.k.,
c.u.n.t,
c0ck,
c-0-c-k,
c0cksucker,
caca,
cacafuego,
cahone,
cameltoe,
camgirl,
camslut,
camwhore,
carpetmuncher,
cawk,
cervix,
chesticle,
child-fucker,
chinc,
chincs,
chink,
chinky,
choad,
choade,
chode,
chodes,
cipa,
circlejerk,
cl1t,
climax,
clit,
clitface,
clitfuck,
clitoris,
clitorus,
clits,
clitty,
clunge,
clusterfuck,
cnut,
cocain,
cocaine,
coccydynia,
cock,
c-o-c-k,
cockass,
cockbite,
cockblock,
cockburger,
cockeye,
cockface,
cockfucker,
cockhead,
cockholster,
cockjockey,
cockknocker,
cockknoker,
Cocklump,
cockmaster,
cockmongler,
cockmongruel,
cockmonkey,
cockmunch,
cockmuncher,
cocknose,
cocknugget,
cocks,
cockshit,
cocksmith,
cocksmoke,
cocksmoker,
cocksniffer,
cocksuck,
cocksucked,
cocksucker,
cock-sucker,
cocksuckers,
cocksucking,
cocksucks,
cocksuka,
cocksukka,
cockwaffle,
coital,
cok,
cokmuncher,
coksucka,
commie,
condom,
coochie,
coochy,
coon,
coonnass,
coons,
cooter,
coprolagnia,
coprophilia,
corksucker,
cornhole,
corpulent,
cox,
crabs,
crack,
cracker,
crackwhore,
crap,
crappy,
creampie,
cretin,
crikey,
cripple,
crotte,
cum,
cumbubble,
cumdump,
cumdumpster,
cumguzzler,
cumjockey,
cummer,
cummin,
cumming,
cums,
cumshot,
cumshots,
cumslut,
cumstain,
cumtart,
cunilingus,
cunillingus,
cunnie,
cunnilingus,
cunny,
cunt,
c-u-n-t,
cuntass,
cuntbag,
cuntface,
cunthole,
cunthunter,
cuntlick,
cuntlicker,
cuntlicking,
cuntrag,
cunts,
cuntsicle,
cuntslut,
cunt-struck,
cus,
cyalis,
cyberfuc,
cyberfuck,
cyberfucked,
cyberfucker,
cyberfuckers,
cyberfucking,
d0ng,
d0uch3,
d0uche,
d1ck,
d1ld0,
d1ldo,
dago,
dagos,
dammit,
damn,
damned,
damnit,
darkie,
darn,
daterape,
dawgie-style,
deepthroat,
deggo,
dendrophilia,
dick,
dickbag,
dickbeaters,
dickdipper,
dickface,
dickflipper,
dickfuck,
dickfucker,
dickhead,
dickheads,
dickhole,
dickish,
dick-ish,
dickjuice,
dickmilk,
dickmonger,
dickripper,
dicks,
dicksipper,
dickslap,
dick-sneeze,
dicksucker,
dicksucking,
dicktickler,
dickwad,
dickweasel,
dickweed,
dickwhipper,
dickwod,
dickzipper,
diddle,
dike,
dildo,
dildos,
diligaf,
dillweed,
dimwit,
dingle,
dingleberries,
dingleberry,
dink,
dinks,
dipship,
dipshit,
dirsa,
dirty,
div,
dlck,
dog-fucker,
doggiestyle,
doggie-style,
doggin,
dogging,
doggystyle,
doggy-style,
dolcett,
domination,
dominatrix,
dommes,
dong,
donkeypunch,
donkeyribber,
doochbag,
doofus,
dookie,
doosh,
dopey,
Doublelift,
douch3,
douche,
douchebag,
douchebags,
douche-fag,
douchewaffle,
douchey,
drunk,
duche,
dumass,
dumbass,
dumbasses,
Dumbcunt,
dumbfuck,
dumbshit,
dummy,
dumshit,
dvda,
dyke,
dykes,
ecchi,
ejaculate,
ejaculated,
ejaculates,
ejaculating,
ejaculatings,
ejaculation,
ejakulate,
erect,
erection,
erotic,
erotism,
escort,
essohbee,
eunuch,
extacy,
extasy,
f.u.c.k,
f_u_c_k,
f4nny,
facial,
fack,
fag,
fagbag,
fagfucker,
fagg,
fagged,
fagging,
faggit,
faggitt,
faggot,
faggotcock,
faggots,
faggs,
fagot,
fagots,
fags,
fagtard,
faig,
faigt,
fanny,
fannybandit,
fannyflaps,
fannyfucker,
fanyy,
fart,
fartknocker,
fatass,
fcuk,
fcuker,
fcuking,
fecal,
feck,
fecker,
feist,
felch,
felcher,
felching,
fellate,
fellatio,
feltch,
feltcher,
femdom,
fenian,
fice,
figging,
fingerbang,
fingerfuck,
fingerfucked,
fingerfucker,
fingerfuckers,
fingerfucking,
fingerfucks,
fingering,
fisted,
fistfuck,
fistfucked,
fistfucker,
fistfuckers,
fistfucking,
fistfuckings,
fistfucks,
fisting,
fisty,
flamer,
flange,
flaps,
fleshflute,
floozy,
foad,
foah,
fondle,
foobar,
fook,
fooker,
footjob,
foreskin,
freex,
frenchify,
frigg,
frigga,
frotting,
fubar,
fuc,
fuck,
f-u-c-k,
fucka,
fuckass,
fuck-ass,
fuckbag,
fuck-bitch,
fuckboy,
fuckbrain,
fuckbutt,
fuckbutter,
fucked,
fuckedup,
fucker,
fuckers,
fuckersucker,
fuckface,
fuckhead,
fuckheads,
fuckhole,
fuckin,
fucking,
fuckings,
fuckingshitmotherfucker,
fuckme,
fuckmeat,
fucknugget,
fucknut,
fucknutt,
fuckoff,
fucks,
fuckstick,
fucktard,
fuck-tard,
fucktards,
fucktart,
fucktoy,
fucktwat,
fuckup,
fuckwad,
fuckwhit,
fuckwit,
fuckwitt,
fudgepacker,
fudge-packer,
fuk,
fuker,
fukker,
fukkers,
fukkin,
fuks,
fukwhit,
fukwit,
fuq,
futanari,
fux,
fux0r,
fvck,
fxck,
gae,
gai,
gangbang,
gang-bang,
gangbanged,
gangbangs,
ganja,
gash,
gay,
gayass,
gaybob,
gaydo,
gayfuck,
gayfuckist,
gaylord,
gays,
gaysex,
gaytard,
gaywad,
genitals,
gey,
gfy,
ghay,
ghey,
gigolo,
ginger,
gippo,
git,
glans,
goatcx,
goatse,
god,
godamn,
godamnit,
goddam,
god-dam,
goddammit,
goddamn,
goddamned,
god-damned,
goddamnit,
godsdamn,
gokkun,
goldenshower,
golliwog,
gonad,
gonads,
gooch,
goodpoop,
gook,
gooks,
goregasm,
gringo,
grope,
gspot,
g-spot,
gtfo,
guido,
guro,
h0m0,
h0mo,
handjob,
hardcore,
hardcoresex,
he11,
hebe,
heeb,
hell,
hemp,
hentai,
heroin,
herp,
herpes,
herpy,
heshe,
he-she,
hircismus,
hitler,
hiv,
ho,
hoar,
hoare,
hobag,
hoe,
hoer,
hom0,
homey,
homo,
homodumbshit,
homoerotic,
homoey,
honkey,
honky,
hooch,
hookah,
hooker,
hoor,
hootch,
hooter,
hooters,
hore,
horniest,
horny,
hotsex,
hump,
humped,
humping,
hun,
hussy,
hymen,
iap,
inbred,
incest,
injun,
intercourse,
jackass,
jackasses,
jackhole,
jackoff,
jack-off,
jaggi,
jagoff,
jailbait,
jap,
japs,
jerk,
jerk0ff,
jerkass,
jerked,
jerkoff,
jerk-off,
jigaboo,
jiggaboo,
jiggerboo,
jism,
jiz,
jizm,
jizz,
jizzed,
jock,
juggs,
junglebunny,
junkie,
junky,
kafir,
kawk,
kike,
kikes,
kill,
kinbaku,
kinkster,
kinky,
klan,
knob,
knobbing,
knobead,
knobed,
knobend,
knobhead,
knobjocky,
knobjokey,
kock,
kondum,
kondums,
kooch,
kooches,
kootch,
kraut,
kum,
kummer,
kumming,
kums,
kunilingus,
kunja,
kunt,
kwif,
kyke,
l3i+ch,
l3itch,
labia,
lameass,
lardass,
lech,
LEN,
leper,
lesbian,
lesbians,
lesbo,
lesbos,
lez,
lezza/lesbo,
lezzie,
lmao,
lmfao,
loin,
loins,
lolita,
looney,
lovemaking,
lube,
lust,
lusting,
lusty,
m0f0,
m0fo,
m45terbate,
ma5terb8,
ma5terbate,
mafugly,
mams,
masochist,
massa,
masterb8,
masterbat*,
masterbat3,
masterbate,
master-bate,
masterbating,
masterbation,
masterbations,
masturbate,
masturbating,
masturbation,
maxi,
mcfagget,
menses,
menstruate,
menstruation,
meth,
m-fucking,
mick,
microphallus,
midget,
milf,
minge,
minger,
mof0,
mofo,
mo-fo,
molest,
mong,
moolie,
moron,
mothafuck,
mothafucka,
mothafuckas,
mothafuckaz,
mothafucked,
mothafucker,
mothafuckers,
mothafuckin,
mothafucking,
mothafuckings,
mothafucks,
motherfuck,
motherfucka,
motherfucked,
motherfucker,
motherfuckers,
motherfuckin,
motherfucking,
motherfuckings,
motherfuckka,
motherfucks,
muff,
muffdiver,
muffdiving,
munging,
munter,
murder,
mutha,
muthafecker,
muthafuckker,
muther,
mutherfucker,
n1gga,
n1gger,
naked,
nambla,
napalm,
nappy,
nawashi,
nazi,
nazism,
negro,
neonazi,
nigaboo,
nigg3r,
nigg4h,
nigga,
niggah,
niggas,
niggaz,
nigger,
niggers,
niggle,
niglet,
nig-nog,
nimphomania,
nimrod,
ninny,
ninnyhammer,
nipple,
nipples,
nob,
nobhead,
nobjocky,
nobjokey,
nonce,
nude,
nudity,
numbnuts,
nutsack,
nutter,
nympho,
nymphomania,
octopussy,
omg,
omorashi,
opiate,
opium,
orally,
organ,
orgasim,
orgasims,
orgasm,
orgasmic,
orgasms,
orgies,
orgy,
ovary,
ovum,
ovums,
p.u.s.s.y.,
p0rn,
paedophile,
paki,
panooch,
pansy,
pantie,
panties,
panty,
pawn,
pcp,
pecker,
peckerhead,
pedo,
pedobear,
pedophile,
pedophilia,
pedophiliac,
pee,
peepee,
pegging,
penetrate,
penetration,
penial,
penile,
penis,
penisbanger,
penisfucker,
penispuffer,
perversion,
phallic,
phonesex,
phuck,
phuk,
phuked,
phuking,
phukked,
phukking,
phuks,
phuq,
pigfucker,
pikey,
pillowbiter,
pimp,
pimpis,
pinko,
piss,
pissed,
pisser,
pissers,
pisses,
pissflaps,
pissin,
pissing,
pissoff,
piss-off,
pisspig,
playboy,
pms,
polack,
polesmoker,
pollock,
ponyplay,
poof,
poon,
poonani,
poonany,
poontang,
poop,
poopchute,
Poopuncher,
porchmonkey,
porn,
porno,
pornography,
pornos,
pot,
potty,
prick,
pricks,
prickteaser,
prig,
prod,
pron,
prostitute,
prude,
psycho,
pthc,
pube,
pubes,
pubic,
pubis,
punani,
punanny,
punany,
punkass,
punky,
punta,
puss,
pusse,
pussi,
pussies,
pussy,
pussylicking,
pussypounder,
pussys,
pust,
puto,
queaf,
queef,
queer,
queerbait,
queerhole,
queero,
queers,
quicky,
quim,
racy,
raghead,
rape,
raped,
raper,
rapey,
raping,
rapist,
raunch,
rectal,
rectum,
rectus,
reefer,
reetard,
reich,
renob,
retard,
retarded,
revue,
rimjaw,
rimjob,
rimming,
ritard,
rtard,
r-tard,
rubbish,
rum,
rump,
rumprammer,
ruski,
s&m,
s.h.i.t.,
s.o.b.,
s_h_i_t,
s0b,
sadism,
sadist,
sambo,
sandbar,
Sandler,
sandnigger,
sanger,
santorum,
scag,
scantily,
scat,
schizo,
schlong,
scissoring,
screw,
screwed,
screwing,
scroat,
scrog,
scrot,
scrote,
scrotum,
scrud,
scum,
seaman,
seamen,
seduce,
seks,
semen,
sex,
sexo,
sexual,
sexy,
sh!+,
sh!t,
sh1t,
s-h-1-t,
shag,
shagger,
shaggin,
shagging,
shamedame,
shemale,
shi+,
shibari,
shit,
s-h-i-t,
shitass,
shitbag,
shitbagger,
shitblimp,
shitbrains,
shitbreath,
shitcanned,
shitcunt,
shitdick,
shite,
shiteater,
shited,
shitey,
shitface,
shitfaced,
shitfuck,
shitfull,
shithead,
shitheads,
shithole,
shithouse,
shiting,
shitings,
shits,
shitspitter,
shitstain,
shitt,
shitted,
shitter,
shitters,
shittier,
shittiest,
shitting,
shittings,
shitty,
shiz,
shiznit,
shota,
shrimping,
sissy,
skag,
skank,
skeet,
skullfuck,
slag,
slanteye,
slave,
sleaze,
sleazy,
slope,
slut,
slutbag,
slutdumper,
slutkiss,
sluts,
smartass,
smartasses,
smeg,
smegma,
smut,
smutty,
snatch,
sniper,
snowballing,
snuff,
s-o-b,
sodom,
sodomize,
sodomy,
son-of-a-bitch,
souse,
soused,
spac,
spade,
sperm,
spic,
spick,
spik,
spiks,
splooge,
spooge,
spook,
spunk,
stfu,
stiffy,
stoned,
strapon,
strappado,
strip,
stroke,
stupid,
suck,
suckass,
sucked,
sucking,
sucks,
sumofabiatch,
swastika,
swinger,
t1t,
t1tt1e5,
t1tties,
taff,
taig,
tampon,
tard,
tart,
tawdry,
teabagging,
teat,
teets,
teez,
teste,
testee,
testes,
testical,
testicle,
testis,
threesome,
throating,
thrust,
thug,
thundercunt,
tinkle,
tit,
titfuck,
titi,
tities,
tits,
titt,
tittie5,
tittiefucker,
titties,
titty,
tittyfuck,
tittyfucker,
tittywank,
titwank,
toke,
toots,
topless,
tosser,
towelhead,
tramp,
tranny,
transsexual,
trashy,
tribadism,
trumped,
tubgirl,
turd,
tush,
tushy,
tw4t,
twat,
twathead,
twatlips,
twats,
twatty,
twatwaffle,
twink,
twinkie,
twunt,
twunter,
ugly,
unclefucker,
undies,
undressing,
unwed,
upskirt,
urinal,
urine,
urophilia,
uterus,
uzi,
v14gra,
v1gra,
vag,
vagina,
vajayjay,
va-j-j,
valium,
veqtable,
viagra,
vibrator,
virgin,
vixen,
vjayjay,
vodka,
vomit,
vorarephilia,
voyeur,
vulgar,
vulva,
w00se,
wad,
wang,
wank,
wanker,
wankjob,
wanky,
wazoo,
wedgie,
weed,
weenie,
weewee,
weiner,
weirdo,
wench,
wetback,
wh0re,
wh0reface,
whiz,
whoar,
whoralicious,
whore,
whorealicious,
whorebag,
whored,
whoreface,
whorehopper,
whorehouse,
whores,
whoring,
wigger,
willies,
willy,
wiseass,
wiseasses,
wog,
womb,
wop,
wtf,
xrated,
x-rated,
xx,
xxx,
yaoi,
yeasty,
yid,
yiffy,
yobbo,
zibbi,
zoophilia,
zubb,